{"stats":{"minecraft:used":{"minecraft:rabbit":1,"minecraft:armor_stand":1,"minecraft:spruce_planks":33,"minecraft:chest":1,"minecraft:wooden_pickaxe":56,"minecraft:iron_sword":16,"biomesoplenty:fir_planks":14,"minecraft:blue_bed":2,"minecraft:white_wool":2,"minecraft:dirt":19,"biomesoplenty:icy_iris":8,"minecraft:snowball":19,"minecraft:bread":12,"minecraft:wooden_sword":27,"minecraft:potato":1,"biomesoplenty:violet":1},"minecraft:dropped":{"minecraft:spruce_planks":40},"minecraft:mined":{"minecraft:powder_snow":29,"minecraft:grass_block":6,"minecraft:spruce_leaves":3,"minecraft:sugar_cane":1,"minecraft:blue_bed":2,"biomesoplenty:icy_iris":8,"minecraft:spruce_log":17,"biomesoplenty:violet":7,"biomesoplenty:fir_log":13,"minecraft:grass":23,"biomesoplenty:rainbow_birch_leaves":1,"minecraft:dirt":51,"minecraft:white_wool":1},"minecraft:picked_up":{"minecraft:iron_chestplate":1,"minecraft:feather":9,"minecraft:chicken":9,"minecraft:creeper_head":1,"minecraft:salmon":1,"minecraft:wooden_pickaxe":1,"biomesoplenty:fir_sapling":1,"biomesoplenty:fir_log":13,"biomesoplenty:violet":12,"gravestone:obituary":1,"minecraft:chainmail_chestplate":1,"minecraft:dirt":140,"minecraft:blue_bed":2,"minecraft:cooked_salmon":1,"minecraft:iron_leggings":1,"minecraft:armor_stand":1,"minecraft:item_frame":1,"minecraft:bone":2,"minecraft:bow":1,"minecraft:wheat_seeds":6,"minecraft:rabbit":1,"minecraft:sugar_cane":5,"minecraft:iron_sword":1,"minecraft:egg":10,"minecraft:stick":3,"minecraft:spruce_log":17,"naturalist:duck_egg":3,"biomesoplenty:icy_iris":8,"minecraft:rotten_flesh":4,"minecraft:chainmail_leggings":1,"minecraft:emerald":1,"biomesoplenty:white_petals":5,"minecraft:mutton":4,"minecraft:snowball":19,"minecraft:white_wool":3},"minecraft:killed":{"minecraft:sheep":1,"minecraft:zombie":1,"minecraft:chicken":9},"minecraft:custom":{"minecraft:interact_with_furnace":5,"minecraft:mob_kills":12,"minecraft:interact_with_crafting_table":8,"minecraft:bell_ring":3,"minecraft:eat_cake_slice":1,"minecraft:leave_game":1,"minecraft:time_since_death":122783,"minecraft:sleep_in_bed":3,"minecraft:time_since_rest":2866,"minecraft:sprint_one_cm":123404,"minecraft:damage_taken":563,"minecraft:walk_one_cm":526477,"minecraft:drop":1,"minecraft:damage_dealt":722,"minecraft:fly_one_cm":25882,"minecraft:open_chest":20,"minecraft:crouch_one_cm":14285,"minecraft:play_time":122783,"minecraft:sneak_time":3021,"minecraft:walk_under_water_one_cm":257,"minecraft:jump":560,"minecraft:walk_on_water_one_cm":210,"minecraft:total_world_time":122783,"minecraft:fall_one_cm":5978},"minecraft:broken":{"minecraft:wooden_pickaxe":1},"minecraft:crafted":{"minecraft:sugar":5,"minecraft:wooden_sword":1,"minecraft:spruce_planks":66,"minecraft:iron_helmet":1,"minecraft:cooked_chicken":9,"biomesoplenty:fir_planks":26,"minecraft:stick":2,"minecraft:chest":1}},"DataVersion":3465}