{"stats":{"minecraft:used":{"minecraft:rabbit":1,"minecraft:armor_stand":1,"minecraft:poppy":3,"minecraft:spruce_planks":33,"minecraft:chest":1,"minecraft:wooden_pickaxe":56,"minecraft:iron_sword":53,"biomesoplenty:fir_planks":14,"minecraft:blue_bed":3,"minecraft:cooked_chicken":1,"minecraft:white_wool":2,"minecraft:dirt":52,"biomesoplenty:icy_iris":8,"minecraft:snowball":27,"minecraft:obsidian":5,"minecraft:bread":13,"minecraft:iron_pickaxe":1,"minecraft:item_frame":5,"minecraft:wooden_sword":32,"biomesoplenty:fir_sign":4,"minecraft:potato":1,"minecraft:dandelion":3,"biomesoplenty:violet":8},"minecraft:dropped":{"sophisticatedbackpacks:iron_backpack":1,"minecraft:spruce_planks":40,"gravestone:obituary":4,"minecraft:bow":1},"minecraft:mined":{"minecraft:dandelion":5,"minecraft:powder_snow":29,"gravestone:gravestone":1,"minecraft:grass_block":6,"minecraft:poppy":7,"minecraft:spruce_leaves":3,"minecraft:sugar_cane":1,"minecraft:blue_bed":3,"biomesoplenty:icy_iris":8,"minecraft:ice":1,"minecraft:spruce_log":17,"biomesoplenty:violet":15,"biomesoplenty:fir_log":13,"minecraft:grass":86,"biomesoplenty:rainbow_birch_leaves":1,"minecraft:sand":1,"minecraft:dirt":58,"biomesoplenty:fir_sign":1,"minecraft:white_wool":1,"minecraft:fern":39},"minecraft:killed_by":{"minecraft:creeper":1},"minecraft:picked_up":{"minecraft:iron_chestplate":1,"minecraft:feather":9,"minecraft:chicken":9,"minecraft:creeper_head":1,"minecraft:salmon":1,"minecraft:wooden_pickaxe":1,"biomesoplenty:fir_sapling":2,"biomesoplenty:fir_log":25,"biomesoplenty:violet":20,"gravestone:obituary":4,"minecraft:chainmail_chestplate":2,"minecraft:dirt":172,"minecraft:blue_bed":3,"minecraft:cooked_salmon":1,"minecraft:iron_leggings":1,"minecraft:armor_stand":1,"minecraft:item_frame":5,"biomesoplenty:fir_sign":1,"minecraft:bone":2,"minecraft:bow":1,"minecraft:wheat_seeds":21,"minecraft:iron_pickaxe":1,"minecraft:poppy":6,"minecraft:rabbit":1,"minecraft:sugar_cane":5,"minecraft:iron_sword":2,"minecraft:egg":10,"minecraft:stick":6,"minecraft:dandelion":5,"minecraft:sand":8,"sophisticatedbackpacks:iron_backpack":1,"minecraft:spruce_log":17,"naturalist:duck_egg":3,"biomesoplenty:icy_iris":8,"minecraft:rotten_flesh":6,"minecraft:chainmail_leggings":1,"minecraft:emerald":1,"biomesoplenty:white_petals":5,"minecraft:mutton":4,"minecraft:snowball":27,"minecraft:white_wool":3},"minecraft:killed":{"minecraft:sheep":1,"minecraft:zombie":4,"minecraft:chicken":9},"minecraft:custom":{"minecraft:interact_with_furnace":6,"minecraft:mob_kills":15,"minecraft:interact_with_crafting_table":9,"minecraft:bell_ring":3,"minecraft:eat_cake_slice":1,"minecraft:leave_game":1,"minecraft:time_since_death":22704,"minecraft:sleep_in_bed":5,"minecraft:time_since_rest":7374,"minecraft:sprint_one_cm":154682,"minecraft:damage_taken":976,"minecraft:walk_one_cm":692638,"minecraft:drop":7,"minecraft:damage_dealt":1511,"minecraft:swim_one_cm":1504,"minecraft:fly_one_cm":30337,"minecraft:open_chest":49,"minecraft:crouch_one_cm":15094,"minecraft:play_time":164783,"minecraft:deaths":1,"minecraft:sneak_time":3676,"minecraft:walk_under_water_one_cm":534,"minecraft:jump":694,"minecraft:walk_on_water_one_cm":974,"minecraft:total_world_time":164783,"minecraft:fall_one_cm":7667},"minecraft:broken":{"minecraft:wooden_pickaxe":1},"minecraft:crafted":{"minecraft:sugar":5,"minecraft:wooden_sword":1,"minecraft:spruce_planks":66,"minecraft:iron_helmet":1,"minecraft:cooked_chicken":9,"minecraft:cooked_mutton":4,"biomesoplenty:fir_sign":3,"biomesoplenty:fir_planks":26,"minecraft:stick":6,"minecraft:chest":1}},"DataVersion":3465}