{"stats":{"minecraft:used":{"minecraft:dirt":1},"minecraft:mined":{"minecraft:grass":9,"minecraft:grass_block":2,"biomesoplenty:violet":4,"minecraft:spruce_leaves":1,"minecraft:spruce_log":17,"biomesoplenty:fir_log":7},"minecraft:picked_up":{"minecraft:stick":1,"minecraft:wheat_seeds":2,"biomesoplenty:fir_sapling":1,"biomesoplenty:fir_log":7,"biomesoplenty:violet":9,"biomesoplenty:white_petals":5,"minecraft:rabbit":1,"minecraft:spruce_log":17,"minecraft:dirt":3},"minecraft:custom":{"minecraft:open_chest":1,"minecraft:time_since_rest":14250,"minecraft:crouch_one_cm":5830,"minecraft:play_time":14250,"minecraft:sprint_one_cm":37861,"minecraft:damage_taken":30,"minecraft:walk_one_cm":91265,"minecraft:sneak_time":1236,"minecraft:jump":170,"minecraft:walk_on_water_one_cm":129,"minecraft:time_since_death":14250,"minecraft:total_world_time":14250,"minecraft:interact_with_crafting_table":1,"minecraft:fall_one_cm":1225,"minecraft:fly_one_cm":7467}},"DataVersion":3465}