{"stats":{"minecraft:used":{"minecraft:rabbit":1,"minecraft:bread":3,"minecraft:chest":1,"minecraft:spruce_planks":28,"minecraft:wooden_pickaxe":6,"biomesoplenty:fir_planks":14,"minecraft:wooden_sword":27,"minecraft:dirt":2,"biomesoplenty:icy_iris":8,"minecraft:potato":1,"minecraft:snowball":19,"biomesoplenty:violet":1},"minecraft:dropped":{"minecraft:spruce_planks":40},"minecraft:mined":{"biomesoplenty:icy_iris":8,"biomesoplenty:violet":7,"minecraft:spruce_log":17,"biomesoplenty:fir_log":8,"minecraft:grass":21,"minecraft:grass_block":2,"biomesoplenty:rainbow_birch_leaves":1,"minecraft:spruce_leaves":3,"minecraft:blue_bed":1},"minecraft:picked_up":{"minecraft:stick":3,"minecraft:iron_chestplate":1,"minecraft:feather":9,"minecraft:chicken":9,"minecraft:wooden_pickaxe":1,"biomesoplenty:fir_sapling":1,"biomesoplenty:fir_log":7,"biomesoplenty:violet":12,"gravestone:obituary":1,"minecraft:spruce_log":17,"minecraft:blue_bed":1,"naturalist:duck_egg":3,"minecraft:dirt":14,"minecraft:iron_leggings":1,"biomesoplenty:icy_iris":8,"minecraft:bone":2,"minecraft:rotten_flesh":4,"minecraft:wheat_seeds":5,"minecraft:emerald":1,"biomesoplenty:white_petals":5,"minecraft:rabbit":1,"minecraft:mutton":4,"minecraft:iron_sword":1,"minecraft:snowball":19,"minecraft:white_wool":2,"minecraft:egg":10},"minecraft:killed":{"minecraft:sheep":1,"minecraft:zombie":1,"minecraft:chicken":9},"minecraft:custom":{"minecraft:time_since_rest":93908,"minecraft:interact_with_furnace":4,"minecraft:sprint_one_cm":40229,"minecraft:damage_taken":235,"minecraft:walk_one_cm":393428,"minecraft:mob_kills":12,"minecraft:drop":1,"minecraft:damage_dealt":722,"minecraft:interact_with_crafting_table":8,"minecraft:fly_one_cm":9255,"minecraft:open_chest":18,"minecraft:crouch_one_cm":12563,"minecraft:play_time":93908,"minecraft:bell_ring":2,"minecraft:sneak_time":2657,"minecraft:walk_under_water_one_cm":257,"minecraft:jump":332,"minecraft:eat_cake_slice":1,"minecraft:leave_game":1,"minecraft:time_since_death":93908,"minecraft:walk_on_water_one_cm":210,"minecraft:total_world_time":93908,"minecraft:fall_one_cm":3540},"minecraft:crafted":{"biomesoplenty:fir_planks":26,"minecraft:wooden_sword":1,"minecraft:spruce_planks":66,"minecraft:stick":2,"minecraft:iron_helmet":1,"minecraft:cooked_chicken":9,"minecraft:chest":1}},"DataVersion":3465}