{"stats":{"minecraft:used":{"minecraft:wheat_seeds":6,"minecraft:rabbit":1,"minecraft:armor_stand":1,"minecraft:poppy":3,"minecraft:chest":1,"minecraft:spruce_planks":33,"minecraft:wooden_pickaxe":56,"minecraft:iron_sword":92,"biomesoplenty:fir_planks":14,"minecraft:wooden_shovel":193,"minecraft:blue_bed":3,"minecraft:cooked_chicken":3,"minecraft:white_wool":2,"minecraft:torch":1,"minecraft:dirt":153,"biomesoplenty:icy_iris":8,"biomesoplenty:snowblossom_sapling":2,"minecraft:snowball":55,"minecraft:obsidian":5,"minecraft:iron_axe":17,"minecraft:bread":14,"minecraft:iron_pickaxe":1,"minecraft:item_frame":5,"minecraft:wooden_sword":32,"biomesoplenty:fir_sign":6,"minecraft:potato":7,"minecraft:dandelion":3,"biomesoplenty:violet":10},"minecraft:dropped":{"sophisticatedbackpacks:iron_backpack":1,"minecraft:iron_sword":2,"minecraft:torch":2,"minecraft:spruce_planks":40,"gravestone:obituary":4,"minecraft:iron_axe":1,"minecraft:bow":1},"minecraft:mined":{"minecraft:cherry_log":17,"minecraft:stripped_cherry_log":1,"minecraft:dandelion":5,"minecraft:powder_snow":29,"minecraft:torch":1,"gravestone:gravestone":1,"minecraft:grass_block":31,"minecraft:poppy":7,"biomesoplenty:snowblossom_leaves":1,"minecraft:spruce_leaves":3,"minecraft:sugar_cane":1,"minecraft:blue_bed":3,"minecraft:snow":40,"biomesoplenty:icy_iris":17,"minecraft:ice":1,"biomesoplenty:violet":43,"minecraft:spruce_log":17,"biomesoplenty:fir_log":13,"minecraft:grass":436,"biomesoplenty:rainbow_birch_leaves":1,"minecraft:sand":1,"minecraft:dirt":63,"minecraft:white_wool":1,"biomesoplenty:fir_sign":3,"minecraft:oak_leaves":1,"minecraft:fern":135},"minecraft:killed_by":{"minecraft:creeper":1},"minecraft:picked_up":{"minecraft:iron_chestplate":1,"minecraft:feather":9,"minecraft:chicken":9,"minecraft:creeper_head":1,"minecraft:salmon":1,"minecraft:wooden_pickaxe":1,"biomesoplenty:fir_sapling":2,"biomesoplenty:fir_log":26,"biomesoplenty:violet":44,"minecraft:stripped_cherry_log":1,"minecraft:chainmail_chestplate":2,"gravestone:obituary":4,"minecraft:blue_bed":3,"minecraft:dirt":228,"minecraft:string":4,"minecraft:iron_axe":2,"minecraft:cooked_salmon":1,"minecraft:armor_stand":1,"minecraft:iron_leggings":1,"biomesoplenty:snowblossom_sapling":2,"minecraft:item_frame":5,"biomesoplenty:fir_sign":3,"minecraft:bone":2,"minecraft:bow":1,"minecraft:wheat_seeds":62,"minecraft:poppy":6,"minecraft:iron_pickaxe":1,"minecraft:rabbit":1,"minecraft:sugar_cane":5,"minecraft:iron_sword":3,"minecraft:egg":10,"minecraft:stick":6,"minecraft:torch":3,"minecraft:dandelion":5,"minecraft:sand":8,"minecraft:cherry_log":24,"sophisticatedbackpacks:iron_backpack":1,"minecraft:spruce_log":17,"minecraft:spider_eye":1,"naturalist:duck_egg":3,"biomesoplenty:icy_iris":17,"minecraft:rotten_flesh":10,"minecraft:chainmail_leggings":1,"minecraft:emerald":1,"biomesoplenty:white_petals":5,"minecraft:mutton":4,"minecraft:snowball":63,"minecraft:white_wool":3},"minecraft:killed":{"minecraft:spider":4,"minecraft:sheep":1,"minecraft:zombie":6,"minecraft:chicken":9},"minecraft:custom":{"minecraft:interact_with_furnace":6,"minecraft:mob_kills":21,"minecraft:interact_with_crafting_table":13,"minecraft:bell_ring":3,"minecraft:eat_cake_slice":1,"minecraft:leave_game":2,"minecraft:time_since_death":64713,"minecraft:sleep_in_bed":6,"minecraft:time_since_rest":10338,"minecraft:sprint_one_cm":247808,"minecraft:damage_taken":1188,"minecraft:walk_one_cm":900433,"minecraft:drop":11,"minecraft:damage_dealt":2389,"minecraft:swim_one_cm":1504,"minecraft:fly_one_cm":37214,"minecraft:open_chest":69,"minecraft:crouch_one_cm":15982,"minecraft:play_time":206792,"minecraft:deaths":1,"minecraft:sneak_time":3853,"minecraft:walk_under_water_one_cm":658,"minecraft:jump":899,"minecraft:walk_on_water_one_cm":2386,"minecraft:total_world_time":206792,"minecraft:fall_one_cm":9018},"minecraft:broken":{"minecraft:wooden_shovel":1,"minecraft:wooden_pickaxe":1},"minecraft:crafted":{"minecraft:sugar":5,"minecraft:cherry_planks":60,"minecraft:wooden_sword":1,"minecraft:wooden_shovel":1,"minecraft:spruce_planks":66,"minecraft:iron_helmet":1,"minecraft:cooked_chicken":9,"minecraft:birch_planks":4,"minecraft:cooked_mutton":4,"biomesoplenty:fir_sign":6,"biomesoplenty:fir_planks":26,"minecraft:stick":6,"minecraft:chest":1}},"DataVersion":3465}