{"stats":{"minecraft:used":{"minecraft:rabbit":1,"minecraft:spruce_planks":28,"minecraft:chest":1,"minecraft:wooden_pickaxe":5,"biomesoplenty:fir_planks":14,"minecraft:wooden_sword":6,"minecraft:dirt":1,"biomesoplenty:icy_iris":8,"minecraft:snowball":19,"biomesoplenty:violet":1},"minecraft:dropped":{"minecraft:spruce_planks":40},"minecraft:mined":{"biomesoplenty:icy_iris":8,"minecraft:spruce_log":17,"biomesoplenty:violet":5,"biomesoplenty:fir_log":8,"minecraft:grass":20,"minecraft:grass_block":2,"minecraft:spruce_leaves":1},"minecraft:picked_up":{"minecraft:stick":1,"minecraft:wooden_pickaxe":1,"biomesoplenty:fir_sapling":1,"biomesoplenty:fir_log":7,"biomesoplenty:violet":11,"minecraft:spruce_log":17,"minecraft:dirt":14,"biomesoplenty:icy_iris":8,"minecraft:rotten_flesh":4,"minecraft:wheat_seeds":5,"biomesoplenty:white_petals":5,"minecraft:rabbit":1,"minecraft:snowball":19},"minecraft:killed":{"minecraft:zombie":1},"minecraft:custom":{"minecraft:time_since_rest":26250,"minecraft:sprint_one_cm":38629,"minecraft:damage_taken":215,"minecraft:walk_one_cm":170921,"minecraft:mob_kills":1,"minecraft:drop":1,"minecraft:damage_dealt":214,"minecraft:interact_with_crafting_table":4,"minecraft:fly_one_cm":9143,"minecraft:open_chest":6,"minecraft:crouch_one_cm":5938,"minecraft:play_time":26250,"minecraft:sneak_time":1258,"minecraft:jump":204,"minecraft:time_since_death":26250,"minecraft:walk_on_water_one_cm":129,"minecraft:total_world_time":26250,"minecraft:fall_one_cm":2247},"minecraft:crafted":{"biomesoplenty:fir_planks":26,"minecraft:wooden_sword":1,"minecraft:spruce_planks":66,"minecraft:stick":2,"minecraft:chest":1}},"DataVersion":3465}