{"stats":{"minecraft:used":{"minecraft:rabbit":1,"minecraft:spruce_planks":28,"minecraft:chest":1,"minecraft:wooden_pickaxe":5,"biomesoplenty:fir_planks":14,"minecraft:wooden_sword":27,"minecraft:dirt":2,"biomesoplenty:icy_iris":8,"minecraft:snowball":19,"biomesoplenty:violet":1},"minecraft:dropped":{"minecraft:spruce_planks":40},"minecraft:mined":{"biomesoplenty:icy_iris":8,"minecraft:spruce_log":17,"biomesoplenty:violet":7,"biomesoplenty:fir_log":8,"minecraft:grass":21,"minecraft:grass_block":2,"biomesoplenty:rainbow_birch_leaves":1,"minecraft:spruce_leaves":3},"minecraft:picked_up":{"minecraft:stick":3,"minecraft:feather":9,"minecraft:chicken":9,"minecraft:wooden_pickaxe":1,"biomesoplenty:fir_sapling":1,"biomesoplenty:fir_log":7,"biomesoplenty:violet":12,"minecraft:spruce_log":17,"naturalist:duck_egg":3,"minecraft:dirt":14,"biomesoplenty:icy_iris":8,"minecraft:bone":2,"minecraft:rotten_flesh":4,"minecraft:wheat_seeds":5,"biomesoplenty:white_petals":5,"minecraft:rabbit":1,"minecraft:mutton":4,"minecraft:snowball":19,"minecraft:white_wool":2,"minecraft:egg":10},"minecraft:killed":{"minecraft:sheep":1,"minecraft:zombie":1,"minecraft:chicken":9},"minecraft:custom":{"minecraft:time_since_rest":74250,"minecraft:sprint_one_cm":39640,"minecraft:damage_taken":215,"minecraft:walk_one_cm":289207,"minecraft:mob_kills":12,"minecraft:drop":1,"minecraft:damage_dealt":722,"minecraft:interact_with_crafting_table":6,"minecraft:fly_one_cm":9169,"minecraft:open_chest":7,"minecraft:crouch_one_cm":7108,"minecraft:play_time":74250,"minecraft:sneak_time":1540,"minecraft:jump":297,"minecraft:time_since_death":74250,"minecraft:walk_on_water_one_cm":129,"minecraft:total_world_time":74250,"minecraft:fall_one_cm":2516},"minecraft:crafted":{"biomesoplenty:fir_planks":26,"minecraft:wooden_sword":1,"minecraft:spruce_planks":66,"minecraft:stick":2,"minecraft:chest":1}},"DataVersion":3465}