{"stats":{"minecraft:used":{"minecraft:crafting_table":1,"biomesoplenty:fir_planks":12,"minecraft:golden_pickaxe":1},"minecraft:mined":{"minecraft:grass":30,"minecraft:grass_block":1,"biomesoplenty:icy_iris":2,"biomesoplenty:violet":17,"minecraft:spruce_log":6,"minecraft:spruce_leaves":3,"minecraft:crafting_table":1,"biomesoplenty:fir_log":9,"biomesoplenty:fir_planks":1},"minecraft:picked_up":{"biomesoplenty:toadstool":2,"minecraft:crafting_table":1,"minecraft:bone":2,"minecraft:arrow":1,"minecraft:wheat_seeds":2,"biomesoplenty:fir_planks":1,"biomesoplenty:fir_log":9,"biomesoplenty:violet":8,"minecraft:spruce_log":6},"minecraft:killed":{"minecraft:skeleton":1},"minecraft:custom":{"minecraft:open_chest":1,"minecraft:time_since_rest":24801,"minecraft:crouch_one_cm":7212,"minecraft:sprint_one_cm":54333,"minecraft:play_time":24801,"minecraft:damage_taken":10,"minecraft:walk_one_cm":75256,"minecraft:sneak_time":1999,"minecraft:mob_kills":1,"minecraft:jump":178,"minecraft:damage_dealt":28,"minecraft:leave_game":1,"minecraft:time_since_death":24801,"minecraft:total_world_time":24801,"minecraft:interact_with_crafting_table":2,"minecraft:fall_one_cm":1020,"minecraft:fly_one_cm":24466},"minecraft:crafted":{"biomesoplenty:fir_planks":36,"minecraft:crafting_table":1,"minecraft:stick":4,"minecraft:wooden_pickaxe":1}},"DataVersion":3465}