{"stats":{"minecraft:used":{"minecraft:wheat_seeds":19,"minecraft:spruce_door":1,"minecraft:oak_planks":9,"minecraft:spruce_planks":51,"biomesoplenty:fir_planks":62,"minecraft:iron_sword":74,"minecraft:blue_bed":1,"minecraft:torch":6,"minecraft:mutton":5,"minecraft:crafting_table":5,"minecraft:white_bed":4,"minecraft:smoker":1,"minecraft:apple":7,"minecraft:iron_axe":61,"minecraft:bread":7,"minecraft:iron_pickaxe":75,"minecraft:bow":6,"minecraft:beef":12,"minecraft:furnace":1,"minecraft:golden_pickaxe":1},"minecraft:dropped":{"minecraft:iron_sword":2,"minecraft:activator_rail":3,"minecraft:rail":8,"minecraft:chainmail_chestplate":1,"minecraft:iron_chestplate":2,"minecraft:iron_leggings":3,"gravestone:obituary":1,"minecraft:bow":1,"minecraft:wooden_pickaxe":1,"minecraft:bone":2},"minecraft:mined":{"minecraft:spruce_planks":1,"minecraft:white_bed":3,"minecraft:deepslate_diamond_ore":1,"minecraft:smoker":1,"minecraft:powder_snow":10,"minecraft:crafting_table":3,"gravestone:gravestone":1,"minecraft:spruce_fence":1,"minecraft:grass_block":1,"biomesoplenty:fir_planks":1,"minecraft:cobblestone":2,"minecraft:spruce_leaves":3,"biomesoplenty:sprout":3,"minecraft:oak_planks":4,"minecraft:blue_bed":1,"minecraft:wall_torch":1,"minecraft:redstone_ore":3,"minecraft:furnace":1,"biomesoplenty:icy_iris":8,"minecraft:birch_log":11,"minecraft:wheat":20,"biomesoplenty:violet":17,"minecraft:spruce_log":6,"biomesoplenty:maple_leaves":1,"biomesoplenty:fir_log":70,"minecraft:coal_ore":1,"minecraft:grass":46,"minecraft:bookshelf":13,"minecraft:oak_log":3,"biomesoplenty:rainbow_birch_leaves":1,"minecraft:gravel":4,"minecraft:dirt":73,"minecraft:cobweb":2,"minecraft:stone":25,"minecraft:iron_block":8,"minecraft:gold_ore":1,"minecraft:fern":5},"minecraft:killed_by":{"minecraft:player":1,"minecraft:spider":1},"minecraft:picked_up":{"minecraft:birch_log":11,"minecraft:crafting_table":3,"minecraft:iron_chestplate":1,"minecraft:wheat":20,"minecraft:glow_ink_sac":2,"minecraft:leather":4,"minecraft:smoker":1,"biomesoplenty:fir_log":65,"biomesoplenty:violet":8,"minecraft:flint":1,"minecraft:oak_log":3,"biomesoplenty:rainbow_birch_sapling":1,"minecraft:lapis_lazuli":2,"minecraft:blue_bed":1,"minecraft:string":2,"minecraft:raw_copper":30,"minecraft:iron_leggings":2,"minecraft:item_frame":6,"minecraft:bone":3,"minecraft:bow":2,"minecraft:wheat_seeds":61,"minecraft:raw_gold":10,"biomesoplenty:fir_planks":1,"minecraft:spruce_planks":41,"minecraft:beef":15,"minecraft:oak_planks":4,"minecraft:iron_sword":1,"minecraft:furnace":1,"minecraft:book":39,"biomesoplenty:toadstool":2,"minecraft:raw_iron":7,"minecraft:torch":1,"sophisticatedbackpacks:backpack":1,"minecraft:spruce_fence":1,"minecraft:white_bed":3,"minecraft:spruce_log":6,"minecraft:redstone":99,"biomesoplenty:icy_iris":6,"minecraft:arrow":6,"biomesoplenty:maple_sapling":2,"minecraft:rotten_flesh":5,"minecraft:diamond":5,"minecraft:iron_block":8,"minecraft:emerald":1,"minecraft:gold_ingot":1,"minecraft:bread":1,"supplementaries:ash":1,"minecraft:coal":9,"minecraft:cobblestone":23,"minecraft:mutton":5,"minecraft:white_wool":3},"minecraft:killed":{"minecraft:sheep":3,"minecraft:skeleton":4,"minecraft:zombie":4,"minecraft:cow":7},"minecraft:custom":{"minecraft:interact_with_furnace":1,"minecraft:mob_kills":19,"minecraft:interact_with_crafting_table":8,"minecraft:open_barrel":1,"minecraft:eat_cake_slice":5,"minecraft:leave_game":1,"minecraft:time_since_death":88556,"minecraft:sleep_in_bed":4,"minecraft:climb_one_cm":15102,"minecraft:time_since_rest":2866,"minecraft:sprint_one_cm":369069,"minecraft:damage_taken":966,"minecraft:walk_one_cm":308442,"minecraft:drop":15,"minecraft:damage_dealt":2221,"minecraft:swim_one_cm":11914,"minecraft:talked_to_villager":1,"minecraft:fly_one_cm":331350,"minecraft:open_chest":26,"minecraft:crouch_one_cm":24538,"minecraft:play_time":168351,"minecraft:deaths":2,"minecraft:sneak_time":7421,"minecraft:walk_under_water_one_cm":3162,"minecraft:jump":1578,"minecraft:walk_on_water_one_cm":4131,"minecraft:interact_with_smoker":1,"minecraft:total_world_time":168351,"minecraft:inspect_dispenser":1,"minecraft:fall_one_cm":26647,"minecraft:horse_one_cm":1103},"minecraft:crafted":{"minecraft:oak_planks":12,"minecraft:crafting_table":2,"minecraft:spruce_planks":24,"minecraft:wooden_pickaxe":1,"minecraft:spruce_door":3,"biomesoplenty:fir_planks":84,"minecraft:iron_axe":1,"minecraft:stick":12,"minecraft:iron_ingot":72,"minecraft:white_bed":1,"sophisticatedbackpacks:iron_backpack":1}},"DataVersion":3465}