{"stats":{"minecraft:used":{"minecraft:spruce_door":1,"minecraft:spruce_planks":51,"biomesoplenty:fir_planks":28,"minecraft:crafting_table":2,"minecraft:golden_pickaxe":1},"minecraft:dropped":{"minecraft:wooden_pickaxe":1,"minecraft:bone":2},"minecraft:mined":{"minecraft:spruce_planks":1,"biomesoplenty:icy_iris":8,"minecraft:birch_log":11,"minecraft:spruce_log":6,"biomesoplenty:violet":17,"biomesoplenty:fir_log":9,"minecraft:crafting_table":1,"gravestone:gravestone":1,"minecraft:grass":42,"minecraft:grass_block":1,"biomesoplenty:fir_planks":1,"biomesoplenty:rainbow_birch_leaves":1,"biomesoplenty:sprout":3,"minecraft:spruce_leaves":3,"minecraft:fern":2},"minecraft:killed_by":{"minecraft:player":1,"minecraft:spider":1},"minecraft:picked_up":{"minecraft:birch_log":11,"biomesoplenty:toadstool":2,"minecraft:crafting_table":1,"minecraft:leather":2,"biomesoplenty:fir_log":9,"biomesoplenty:violet":8,"minecraft:spruce_log":6,"biomesoplenty:rainbow_birch_sapling":1,"biomesoplenty:icy_iris":6,"minecraft:arrow":1,"minecraft:bone":2,"minecraft:rotten_flesh":1,"minecraft:wheat_seeds":5,"biomesoplenty:fir_planks":1,"minecraft:spruce_planks":41,"minecraft:beef":7,"minecraft:mutton":5,"minecraft:white_wool":3},"minecraft:killed":{"minecraft:sheep":3,"minecraft:skeleton":1,"minecraft:cow":3},"minecraft:custom":{"minecraft:time_since_rest":5044,"minecraft:sprint_one_cm":108000,"minecraft:damage_taken":474,"minecraft:walk_one_cm":141874,"minecraft:mob_kills":7,"minecraft:drop":3,"minecraft:damage_dealt":667,"minecraft:swim_one_cm":6402,"minecraft:interact_with_crafting_table":3,"minecraft:fly_one_cm":64292,"minecraft:open_chest":6,"minecraft:crouch_one_cm":10784,"minecraft:deaths":2,"minecraft:play_time":84801,"minecraft:sneak_time":2998,"minecraft:walk_under_water_one_cm":443,"minecraft:jump":384,"minecraft:leave_game":1,"minecraft:walk_on_water_one_cm":667,"minecraft:time_since_death":5006,"minecraft:climb_one_cm":92,"minecraft:total_world_time":84801,"minecraft:fall_one_cm":2838},"minecraft:crafted":{"biomesoplenty:fir_planks":36,"minecraft:crafting_table":1,"minecraft:stick":4,"minecraft:spruce_planks":24,"minecraft:wooden_pickaxe":1,"minecraft:spruce_door":3}},"DataVersion":3465}