{"stats":{"minecraft:mined":{"biomesoplenty:fir_log":9},"minecraft:picked_up":{"biomesoplenty:fir_log":9,"biomesoplenty:toadstool":2},"minecraft:custom":{"minecraft:jump":15,"minecraft:time_since_rest":12801,"minecraft:crouch_one_cm":899,"minecraft:leave_game":1,"minecraft:play_time":12801,"minecraft:sprint_one_cm":2375,"minecraft:time_since_death":12801,"minecraft:walk_one_cm":5313,"minecraft:sneak_time":282,"minecraft:total_world_time":12801,"minecraft:fall_one_cm":209,"minecraft:fly_one_cm":1022}},"DataVersion":3465}