{"stats":{"minecraft:used":{"minecraft:spruce_door":1,"minecraft:iron_pickaxe":19,"minecraft:spruce_planks":51,"biomesoplenty:fir_planks":28,"minecraft:mutton":5,"minecraft:bow":6,"minecraft:beef":12,"minecraft:crafting_table":3,"minecraft:white_bed":2,"minecraft:golden_pickaxe":1},"minecraft:dropped":{"minecraft:wooden_pickaxe":1,"minecraft:bone":2},"minecraft:mined":{"minecraft:spruce_planks":1,"minecraft:white_bed":2,"biomesoplenty:icy_iris":8,"minecraft:birch_log":11,"minecraft:spruce_log":6,"biomesoplenty:violet":17,"biomesoplenty:maple_leaves":1,"biomesoplenty:fir_log":9,"minecraft:crafting_table":2,"gravestone:gravestone":1,"minecraft:oak_log":3,"minecraft:grass":42,"minecraft:grass_block":1,"biomesoplenty:fir_planks":1,"biomesoplenty:rainbow_birch_leaves":1,"biomesoplenty:sprout":3,"minecraft:spruce_leaves":3,"minecraft:fern":3},"minecraft:killed_by":{"minecraft:player":1,"minecraft:spider":1},"minecraft:picked_up":{"minecraft:birch_log":11,"biomesoplenty:toadstool":2,"minecraft:crafting_table":2,"minecraft:leather":4,"biomesoplenty:fir_log":9,"biomesoplenty:violet":8,"minecraft:oak_log":3,"minecraft:white_bed":2,"minecraft:spruce_log":6,"biomesoplenty:rainbow_birch_sapling":1,"biomesoplenty:maple_sapling":2,"biomesoplenty:icy_iris":6,"minecraft:arrow":3,"minecraft:bone":2,"minecraft:rotten_flesh":1,"minecraft:bow":1,"minecraft:wheat_seeds":6,"biomesoplenty:fir_planks":1,"minecraft:spruce_planks":41,"minecraft:beef":15,"supplementaries:ash":1,"minecraft:mutton":5,"minecraft:white_wool":3},"minecraft:killed":{"minecraft:sheep":3,"minecraft:skeleton":1,"minecraft:cow":7},"minecraft:custom":{"minecraft:time_since_rest":10581,"minecraft:sprint_one_cm":216051,"minecraft:damage_taken":609,"minecraft:walk_one_cm":183911,"minecraft:mob_kills":12,"minecraft:drop":3,"minecraft:damage_dealt":824,"minecraft:swim_one_cm":10936,"minecraft:interact_with_crafting_table":4,"minecraft:fly_one_cm":167617,"minecraft:open_chest":7,"minecraft:crouch_one_cm":11076,"minecraft:deaths":2,"minecraft:play_time":120801,"minecraft:sneak_time":3087,"minecraft:walk_under_water_one_cm":2402,"minecraft:jump":835,"minecraft:leave_game":1,"minecraft:walk_on_water_one_cm":2940,"minecraft:time_since_death":41006,"minecraft:sleep_in_bed":2,"minecraft:climb_one_cm":14504,"minecraft:total_world_time":120801,"minecraft:fall_one_cm":12019},"minecraft:crafted":{"biomesoplenty:fir_planks":36,"minecraft:oak_planks":12,"minecraft:crafting_table":2,"minecraft:stick":4,"minecraft:spruce_planks":24,"minecraft:wooden_pickaxe":1,"minecraft:spruce_door":3,"minecraft:white_bed":1}},"DataVersion":3465}