{"stats":{"minecraft:used":{"minecraft:wheat_seeds":19,"minecraft:spruce_door":1,"minecraft:oak_planks":9,"minecraft:spruce_planks":51,"biomesoplenty:fir_planks":28,"minecraft:iron_sword":28,"minecraft:torch":2,"minecraft:mutton":5,"minecraft:crafting_table":3,"minecraft:white_bed":2,"minecraft:apple":7,"minecraft:iron_pickaxe":35,"minecraft:bow":6,"minecraft:beef":12,"minecraft:golden_pickaxe":1},"minecraft:dropped":{"minecraft:iron_sword":2,"minecraft:activator_rail":3,"minecraft:rail":8,"minecraft:iron_chestplate":2,"minecraft:iron_leggings":3,"gravestone:obituary":1,"minecraft:wooden_pickaxe":1,"minecraft:bone":2},"minecraft:mined":{"minecraft:spruce_planks":1,"minecraft:white_bed":2,"minecraft:powder_snow":10,"minecraft:crafting_table":2,"gravestone:gravestone":1,"minecraft:grass_block":1,"biomesoplenty:fir_planks":1,"minecraft:spruce_leaves":3,"biomesoplenty:sprout":3,"minecraft:oak_planks":4,"minecraft:wall_torch":1,"minecraft:furnace":1,"biomesoplenty:icy_iris":8,"minecraft:birch_log":11,"minecraft:wheat":20,"biomesoplenty:violet":17,"minecraft:spruce_log":6,"biomesoplenty:maple_leaves":1,"biomesoplenty:fir_log":9,"minecraft:coal_ore":1,"minecraft:grass":42,"minecraft:bookshelf":13,"minecraft:oak_log":3,"biomesoplenty:rainbow_birch_leaves":1,"minecraft:gravel":4,"minecraft:cobweb":2,"minecraft:stone":3,"minecraft:iron_block":8,"minecraft:gold_ore":1,"minecraft:fern":3},"minecraft:killed_by":{"minecraft:player":1,"minecraft:spider":1},"minecraft:picked_up":{"minecraft:birch_log":11,"minecraft:crafting_table":2,"minecraft:iron_chestplate":1,"minecraft:wheat":20,"minecraft:leather":4,"biomesoplenty:fir_log":9,"biomesoplenty:violet":8,"minecraft:flint":1,"minecraft:oak_log":3,"biomesoplenty:rainbow_birch_sapling":1,"minecraft:lapis_lazuli":2,"minecraft:string":2,"minecraft:iron_leggings":2,"minecraft:item_frame":6,"minecraft:bone":2,"minecraft:bow":1,"minecraft:wheat_seeds":61,"minecraft:raw_gold":1,"biomesoplenty:fir_planks":1,"minecraft:spruce_planks":41,"minecraft:beef":15,"minecraft:oak_planks":4,"minecraft:iron_sword":1,"minecraft:furnace":1,"minecraft:book":39,"biomesoplenty:toadstool":2,"minecraft:torch":1,"minecraft:white_bed":2,"minecraft:spruce_log":6,"biomesoplenty:icy_iris":6,"minecraft:arrow":3,"biomesoplenty:maple_sapling":2,"minecraft:rotten_flesh":3,"minecraft:iron_block":8,"minecraft:emerald":1,"minecraft:gold_ingot":1,"minecraft:bread":1,"supplementaries:ash":1,"minecraft:mutton":5,"minecraft:white_wool":3},"minecraft:killed":{"minecraft:sheep":3,"minecraft:skeleton":1,"minecraft:zombie":2,"minecraft:cow":7},"minecraft:custom":{"minecraft:interact_with_furnace":1,"minecraft:mob_kills":14,"minecraft:interact_with_crafting_table":5,"minecraft:eat_cake_slice":5,"minecraft:leave_game":1,"minecraft:time_since_death":64556,"minecraft:sleep_in_bed":2,"minecraft:climb_one_cm":14752,"minecraft:time_since_rest":34131,"minecraft:sprint_one_cm":293516,"minecraft:damage_taken":784,"minecraft:walk_one_cm":245756,"minecraft:drop":13,"minecraft:damage_dealt":1234,"minecraft:swim_one_cm":10936,"minecraft:talked_to_villager":1,"minecraft:fly_one_cm":215824,"minecraft:open_chest":25,"minecraft:crouch_one_cm":15472,"minecraft:play_time":144351,"minecraft:deaths":2,"minecraft:sneak_time":4419,"minecraft:walk_under_water_one_cm":3074,"minecraft:jump":1066,"minecraft:walk_on_water_one_cm":3001,"minecraft:total_world_time":144351,"minecraft:fall_one_cm":14430},"minecraft:crafted":{"minecraft:oak_planks":12,"minecraft:crafting_table":2,"minecraft:spruce_planks":24,"minecraft:wooden_pickaxe":1,"minecraft:spruce_door":3,"biomesoplenty:fir_planks":36,"minecraft:stick":4,"minecraft:iron_ingot":72,"minecraft:white_bed":1,"sophisticatedbackpacks:iron_backpack":1}},"DataVersion":3465}