{"stats":{"minecraft:used":{"minecraft:spruce_door":1,"minecraft:spruce_planks":51,"biomesoplenty:fir_planks":28,"minecraft:mutton":5,"minecraft:bow":6,"minecraft:beef":5,"minecraft:crafting_table":3,"minecraft:golden_pickaxe":1},"minecraft:dropped":{"minecraft:wooden_pickaxe":1,"minecraft:bone":2},"minecraft:mined":{"minecraft:spruce_planks":1,"biomesoplenty:icy_iris":8,"minecraft:birch_log":11,"minecraft:spruce_log":6,"biomesoplenty:violet":17,"biomesoplenty:maple_leaves":1,"biomesoplenty:fir_log":9,"minecraft:crafting_table":1,"gravestone:gravestone":1,"minecraft:oak_log":3,"minecraft:grass":42,"minecraft:grass_block":1,"biomesoplenty:fir_planks":1,"biomesoplenty:rainbow_birch_leaves":1,"biomesoplenty:sprout":3,"minecraft:spruce_leaves":3,"minecraft:fern":2},"minecraft:killed_by":{"minecraft:player":1,"minecraft:spider":1},"minecraft:picked_up":{"minecraft:birch_log":11,"biomesoplenty:toadstool":2,"minecraft:crafting_table":1,"minecraft:leather":4,"biomesoplenty:fir_log":9,"biomesoplenty:violet":8,"minecraft:oak_log":3,"minecraft:spruce_log":6,"biomesoplenty:rainbow_birch_sapling":1,"biomesoplenty:maple_sapling":2,"biomesoplenty:icy_iris":6,"minecraft:arrow":1,"minecraft:bone":2,"minecraft:rotten_flesh":1,"minecraft:wheat_seeds":5,"biomesoplenty:fir_planks":1,"minecraft:spruce_planks":41,"minecraft:beef":15,"minecraft:mutton":5,"minecraft:white_wool":3},"minecraft:killed":{"minecraft:sheep":3,"minecraft:skeleton":1,"minecraft:cow":7},"minecraft:custom":{"minecraft:time_since_rest":17044,"minecraft:sprint_one_cm":170916,"minecraft:damage_taken":524,"minecraft:walk_one_cm":161582,"minecraft:mob_kills":11,"minecraft:drop":3,"minecraft:damage_dealt":667,"minecraft:swim_one_cm":9491,"minecraft:interact_with_crafting_table":4,"minecraft:fly_one_cm":115816,"minecraft:open_chest":7,"minecraft:crouch_one_cm":10784,"minecraft:deaths":2,"minecraft:play_time":96801,"minecraft:sneak_time":3010,"minecraft:walk_under_water_one_cm":1407,"minecraft:jump":596,"minecraft:leave_game":1,"minecraft:walk_on_water_one_cm":2243,"minecraft:time_since_death":17006,"minecraft:climb_one_cm":14504,"minecraft:total_world_time":96801,"minecraft:fall_one_cm":7928},"minecraft:crafted":{"biomesoplenty:fir_planks":36,"minecraft:oak_planks":12,"minecraft:crafting_table":2,"minecraft:stick":4,"minecraft:spruce_planks":24,"minecraft:wooden_pickaxe":1,"minecraft:spruce_door":3,"minecraft:white_bed":1}},"DataVersion":3465}