{"stats":{"minecraft:used":{"minecraft:oak_fence":35,"sophisticatedbackpacks:iron_backpack":3,"minecraft:iron_shovel":361,"sophisticatedbackpacks:copper_backpack":1,"minecraft:spruce_planks":51,"minecraft:chest":18,"minecraft:iron_sword":120,"minecraft:torch":53,"minecraft:dirt":269,"minecraft:mutton":5,"biomesoplenty:maple_sapling":10,"minecraft:iron_hoe":36,"minecraft:iron_axe":196,"minecraft:item_frame":7,"minecraft:bow":7,"minecraft:beef":12,"minecraft:furnace":1,"minecraft:wheat_seeds":19,"minecraft:water_bucket":20,"minecraft:spruce_door":1,"minecraft:oak_planks":9,"biomesoplenty:fir_planks":126,"minecraft:blue_bed":2,"minecraft:crafting_table":6,"minecraft:white_bed":4,"minecraft:smoker":1,"minecraft:oak_log":3,"sophisticatedbackpacks:backpack":1,"minecraft:apple":7,"minecraft:bread":20,"minecraft:iron_pickaxe":105,"fantasyfurniture:furniture_station":1,"minecraft:bucket":21,"minecraft:golden_pickaxe":1},"minecraft:dropped":{"minecraft:iron_sword":3,"minecraft:activator_rail":3,"minecraft:rail":8,"minecraft:dirt":1,"minecraft:iron_leggings":3,"gravestone:obituary":2,"minecraft:bone":2,"minecraft:chainmail_chestplate":1,"minecraft:iron_chestplate":2,"minecraft:bow":1,"minecraft:wooden_pickaxe":1},"minecraft:mined":{"minecraft:spruce_planks":1,"minecraft:white_bed":3,"minecraft:deepslate_diamond_ore":1,"gravestone:gravestone":1,"minecraft:grass_block":69,"minecraft:spruce_fence":1,"sophisticatedbackpacks:iron_backpack":2,"minecraft:spruce_leaves":3,"minecraft:redstone_ore":3,"minecraft:furnace":1,"biomesoplenty:icy_iris":8,"minecraft:snow":3,"biomesoplenty:violet":17,"minecraft:bookshelf":13,"biomesoplenty:rainbow_birch_leaves":1,"minecraft:stone":51,"minecraft:iron_block":8,"minecraft:smoker":1,"minecraft:powder_snow":10,"minecraft:crafting_table":3,"minecraft:torch":17,"diagonalfences:minecraft/oak_fence":3,"biomesoplenty:fir_planks":2,"minecraft:poppy":2,"minecraft:chest":1,"minecraft:cobblestone":2,"biomesoplenty:sprout":3,"minecraft:oak_planks":4,"minecraft:wall_torch":1,"minecraft:blue_bed":2,"minecraft:birch_log":11,"minecraft:wheat":20,"minecraft:ice":4,"minecraft:spruce_log":6,"biomesoplenty:maple_leaves":9,"biomesoplenty:fir_log":141,"minecraft:grass":102,"minecraft:oak_log":32,"minecraft:coal_ore":1,"biomesoplenty:fir_leaves":13,"minecraft:gravel":4,"minecraft:sand":38,"minecraft:dirt":344,"minecraft:cobweb":2,"minecraft:gold_ore":1,"minecraft:fern":43},"minecraft:killed_by":{"minecraft:player":1,"minecraft:spider":1},"minecraft:picked_up":{"minecraft:iron_chestplate":1,"minecraft:crafting_table":3,"minecraft:wheat":20,"biomesoplenty:violet":8,"gravestone:obituary":1,"biomesoplenty:rainbow_birch_sapling":1,"minecraft:string":4,"minecraft:raw_copper":30,"minecraft:iron_leggings":2,"minecraft:item_frame":7,"biomesoplenty:fir_planks":2,"minecraft:spruce_planks":41,"minecraft:beef":15,"minecraft:poppy":2,"minecraft:chest":1,"minecraft:furnace":1,"minecraft:stick":12,"minecraft:raw_iron":7,"minecraft:oak_fence":3,"minecraft:torch":19,"minecraft:spruce_fence":1,"sophisticatedbackpacks:backpack":1,"minecraft:redstone":99,"biomesoplenty:icy_iris":6,"minecraft:arrow":8,"minecraft:rotten_flesh":16,"minecraft:iron_block":8,"minecraft:gold_ingot":1,"supplementaries:ash":1,"minecraft:mutton":5,"minecraft:snowball":6,"minecraft:white_wool":3,"minecraft:cobblestone":49,"minecraft:birch_log":11,"minecraft:glow_ink_sac":2,"minecraft:leather":4,"minecraft:smoker":1,"biomesoplenty:fir_sapling":1,"biomesoplenty:fir_log":131,"minecraft:flint":1,"minecraft:oak_log":32,"minecraft:lapis_lazuli":2,"minecraft:blue_bed":2,"minecraft:dirt":371,"minecraft:bone":3,"minecraft:apple":1,"minecraft:bow":2,"minecraft:wheat_seeds":72,"minecraft:raw_gold":10,"minecraft:iron_sword":1,"minecraft:oak_planks":4,"minecraft:book":39,"biomesoplenty:toadstool":2,"minecraft:dandelion":1,"minecraft:sand":30,"sophisticatedbackpacks:iron_backpack":2,"minecraft:white_bed":3,"minecraft:spruce_log":6,"minecraft:spider_eye":1,"biomesoplenty:maple_sapling":16,"minecraft:diamond":5,"minecraft:bread":1,"minecraft:emerald":1,"minecraft:coal":23},"minecraft:killed":{"minecraft:skeleton":5,"minecraft:zombie_villager":1,"minecraft:sheep":3,"minecraft:zombie":14,"minecraft:cow":7},"minecraft:custom":{"minecraft:mob_kills":32,"minecraft:interact_with_crafting_table":24,"minecraft:open_barrel":1,"minecraft:eat_cake_slice":5,"minecraft:leave_game":1,"minecraft:time_since_death":142556,"minecraft:climb_one_cm":15102,"minecraft:sprint_one_cm":450128,"minecraft:walk_one_cm":474671,"minecraft:drop":18,"minecraft:talked_to_villager":1,"minecraft:play_time":222351,"minecraft:deaths":2,"minecraft:sneak_time":11368,"minecraft:walk_under_water_one_cm":3162,"minecraft:jump":1856,"minecraft:walk_on_water_one_cm":4408,"minecraft:total_world_time":222351,"minecraft:interact_with_furnace":3,"minecraft:sleep_in_bed":5,"minecraft:time_since_rest":19374,"minecraft:damage_taken":1547,"minecraft:damage_dealt":4656,"minecraft:swim_one_cm":11914,"minecraft:fly_one_cm":370030,"minecraft:open_chest":52,"minecraft:crouch_one_cm":38671,"minecraft:interact_with_smoker":3,"minecraft:fall_one_cm":28795,"minecraft:inspect_dispenser":1,"minecraft:horse_one_cm":1103},"minecraft:broken":{"minecraft:iron_shovel":1},"minecraft:crafted":{"minecraft:oak_planks":116,"fantasyfurniture:furniture_station":1,"minecraft:iron_axe":1,"minecraft:iron_hoe":1,"minecraft:chest":22,"minecraft:oak_fence":45,"sophisticatedbackpacks:iron_backpack":1,"minecraft:crafting_table":4,"minecraft:spruce_planks":24,"minecraft:wooden_pickaxe":1,"minecraft:spruce_door":3,"minecraft:bucket":1,"biomesoplenty:fir_planks":524,"minecraft:stick":44,"minecraft:iron_ingot":72,"minecraft:iron_shovel":3,"minecraft:white_bed":1,"minecraft:torch":32}},"DataVersion":3465}