{"stats":{"minecraft:used":{"minecraft:spruce_door":1,"minecraft:spruce_planks":51,"biomesoplenty:fir_planks":28,"minecraft:crafting_table":2,"minecraft:golden_pickaxe":1},"minecraft:dropped":{"minecraft:wooden_pickaxe":1,"minecraft:bone":2},"minecraft:mined":{"minecraft:spruce_planks":1,"biomesoplenty:icy_iris":2,"minecraft:spruce_log":6,"biomesoplenty:violet":17,"biomesoplenty:fir_log":9,"minecraft:crafting_table":1,"minecraft:grass":30,"minecraft:grass_block":1,"biomesoplenty:fir_planks":1,"biomesoplenty:rainbow_birch_leaves":1,"minecraft:spruce_leaves":3},"minecraft:picked_up":{"biomesoplenty:toadstool":2,"minecraft:crafting_table":1,"biomesoplenty:fir_log":9,"biomesoplenty:violet":8,"minecraft:spruce_log":6,"biomesoplenty:rainbow_birch_sapling":1,"minecraft:arrow":1,"minecraft:bone":2,"minecraft:wheat_seeds":3,"biomesoplenty:fir_planks":1,"minecraft:spruce_planks":41},"minecraft:killed":{"minecraft:skeleton":1},"minecraft:custom":{"minecraft:time_since_rest":72801,"minecraft:sprint_one_cm":54333,"minecraft:damage_taken":50,"minecraft:walk_one_cm":88937,"minecraft:mob_kills":1,"minecraft:drop":3,"minecraft:damage_dealt":28,"minecraft:interact_with_crafting_table":3,"minecraft:fly_one_cm":24466,"minecraft:open_chest":5,"minecraft:crouch_one_cm":9466,"minecraft:play_time":72801,"minecraft:sneak_time":2649,"minecraft:jump":194,"minecraft:leave_game":1,"minecraft:time_since_death":72801,"minecraft:total_world_time":72801,"minecraft:fall_one_cm":2360},"minecraft:crafted":{"biomesoplenty:fir_planks":36,"minecraft:crafting_table":1,"minecraft:stick":4,"minecraft:spruce_planks":24,"minecraft:wooden_pickaxe":1,"minecraft:spruce_door":3}},"DataVersion":3465}