{"stats":{"minecraft:used":{"minecraft:iron_bars":4,"minecraft:oak_planks":18,"minecraft:spruce_planks":4,"minecraft:iron_sword":294,"minecraft:torch":2,"minecraft:iron_chestplate":1,"minecraft:white_wool":2,"minecraft:stick":8,"minecraft:dirt":2,"minecraft:crafting_table":3,"biomesoplenty:magic_planks":4,"minecraft:white_bed":3,"minecraft:bread":48,"minecraft:iron_pickaxe":184,"minecraft:stone_bricks":1,"minecraft:golden_sword":20,"minecraft:porkchop":2,"minecraft:oak_boat":4,"minecraft:experience_bottle":1,"minecraft:golden_axe":24},"minecraft:dropped":{"minecraft:golden_boots":1,"minecraft:bread":1,"minecraft:iron_sword":1,"minecraft:oak_slab":2,"minecraft:kelp":31,"minecraft:wheat_seeds":1,"minecraft:golden_helmet":1,"minecraft:oak_fence":1,"minecraft:golden_axe":2,"minecraft:cobblestone":7,"minecraft:rotten_flesh":3,"minecraft:oak_planks":5,"minecraft:comparator":2,"minecraft:flint":27,"minecraft:dirt":1,"minecraft:oak_boat":1,"minecraft:chest":1,"minecraft:golden_sword":1,"minecraft:painting":1,"minecraft:arrow":7,"minecraft:iron_pickaxe":3,"minecraft:red_tulip":2,"minecraft:calcite":1,"minecraft:written_book":1,"minecraft:blue_bed":1,"minecraft:bone":1,"minecraft:armor_stand":1},"minecraft:mined":{"minecraft:oak_slab":2,"biomesoplenty:watergrass":11,"minecraft:scaffolding":5,"minecraft:white_bed":4,"minecraft:comparator":1,"minecraft:candle":1,"minecraft:brewing_stand":1,"minecraft:oak_fence":1,"minecraft:calcite":1,"minecraft:crafting_table":2,"minecraft:torch":1,"biomesoplenty:bush":5,"minecraft:grass_block":3,"minecraft:chest":4,"minecraft:campfire":4,"minecraft:redstone_wire":19,"biomesoplenty:high_grass_plant":52,"minecraft:copper_ore":2,"minecraft:tall_grass":16,"biomesoplenty:huge_clover_petal":2,"minecraft:diorite":4,"minecraft:skeleton_skull":1,"minecraft:seagrass":2,"minecraft:tall_seagrass":1,"minecraft:fire":1,"biomesoplenty:pink_daffodil":1,"minecraft:ice":4,"biomesoplenty:lavender":1,"minecraft:lilac":1,"minecraft:spruce_log":2,"minecraft:andesite":21,"minecraft:stone_brick_stairs":1,"minecraft:peony":17,"biomesoplenty:magic_log":1,"biomesoplenty:high_grass":43,"minecraft:grass":87,"biomesoplenty:clover":4,"minecraft:bookshelf":1,"supplementaries:stick":7,"minecraft:oak_log":5,"minecraft:vine":6,"minecraft:oak_stairs":2,"minecraft:iron_bars":5,"minecraft:zombie_head":1,"minecraft:gravel":2,"minecraft:dirt":5,"minecraft:packed_ice":3,"minecraft:cobweb":15,"minecraft:stone":45,"minecraft:stone_bricks":19,"minecraft:deepslate":38,"biomesoplenty:reed":1,"minecraft:white_wool":2,"minecraft:oak_leaves":1},"minecraft:picked_up":{"minecraft:crafting_table":2,"minecraft:leather":1,"minecraft:potion":1,"minecraft:flint":27,"minecraft:oak_log":5,"minecraft:brewing_stand":1,"minecraft:golden_sword":1,"minecraft:dirt":2,"minecraft:string":19,"minecraft:armor_stand":2,"minecraft:experience_bottle":1,"minecraft:zombie_head":1,"minecraft:stone_bricks":4,"minecraft:candle":4,"minecraft:cobbled_deepslate":38,"minecraft:comparator":2,"minecraft:iron_ingot":10,"minecraft:oak_boat":5,"biomesoplenty:magic_log":1,"minecraft:calcite":1,"minecraft:iron_pickaxe":3,"minecraft:glowstone_dust":3,"minecraft:chest":5,"minecraft:iron_sword":1,"minecraft:scaffolding":14,"minecraft:oak_slab":2,"minecraft:stick":10,"minecraft:raw_iron":18,"minecraft:oak_fence":1,"minecraft:torch":1,"minecraft:porkchop":2,"minecraft:golden_axe":1,"minecraft:white_bed":4,"minecraft:spruce_log":2,"minecraft:redstone":20,"minecraft:rotten_flesh":1,"minecraft:painting":1,"minecraft:bread":19,"minecraft:emerald":5,"minecraft:gold_ingot":6,"minecraft:iron_bars":4,"minecraft:coal":29,"minecraft:skeleton_skull":1,"minecraft:white_wool":2},"minecraft:killed":{"minecraft:pig":1,"minecraft:witch":9,"minecraft:spider":2,"minecraft:creeper":1,"minecraft:zombie":3,"minecraft:drowned":1},"minecraft:custom":{"minecraft:interact_with_smithing_table":1,"minecraft:mob_kills":17,"minecraft:interact_with_crafting_table":5,"minecraft:open_barrel":8,"minecraft:bell_ring":17,"minecraft:eat_cake_slice":2,"minecraft:leave_game":2,"minecraft:time_since_death":93191,"minecraft:sleep_in_bed":2,"minecraft:climb_one_cm":7548,"minecraft:time_since_rest":52365,"minecraft:sprint_one_cm":366342,"minecraft:damage_taken":2094,"minecraft:walk_one_cm":202246,"minecraft:drop":33,"minecraft:damage_dealt":4643,"minecraft:swim_one_cm":26749,"minecraft:fly_one_cm":530708,"minecraft:talked_to_villager":1,"minecraft:player_kills":1,"minecraft:open_chest":35,"minecraft:crouch_one_cm":1650,"minecraft:play_time":93191,"minecraft:sneak_time":1104,"minecraft:walk_under_water_one_cm":12321,"minecraft:boat_one_cm":43965,"minecraft:jump":2595,"minecraft:walk_on_water_one_cm":27628,"minecraft:total_world_time":93191,"minecraft:fall_one_cm":78238},"minecraft:broken":{"minecraft:golden_sword":1,"minecraft:iron_pickaxe":1},"minecraft:crafted":{"minecraft:oak_planks":20,"minecraft:bread":21,"minecraft:iron_ingot":1,"biomesoplenty:magic_planks":4,"minecraft:wheat":59}},"DataVersion":3465}