{"stats":{"minecraft:used":{"minecraft:iron_bars":4,"minecraft:spruce_planks":4,"minecraft:iron_sword":295,"minecraft:iron_chestplate":1,"minecraft:stick":8,"minecraft:torch":6,"minecraft:dirt":2,"minecraft:stone_bricks":1,"minecraft:golden_sword":20,"minecraft:furnace":4,"minecraft:cobbled_deepslate":105,"minecraft:golden_axe":24,"minecraft:oak_planks":18,"minecraft:white_wool":2,"minecraft:crafting_table":3,"biomesoplenty:magic_planks":4,"minecraft:white_bed":4,"minecraft:bread":51,"minecraft:iron_pickaxe":410,"minecraft:gravel":17,"minecraft:porkchop":2,"minecraft:oak_boat":4,"minecraft:experience_bottle":1},"minecraft:dropped":{"minecraft:golden_boots":1,"minecraft:bread":1,"minecraft:iron_sword":1,"minecraft:oak_slab":2,"minecraft:wheat_seeds":1,"minecraft:golden_helmet":1,"minecraft:oak_fence":1,"minecraft:golden_axe":2,"minecraft:cobblestone":46,"minecraft:flint":27,"minecraft:dirt":1,"minecraft:diorite":3,"minecraft:iron_pickaxe":3,"minecraft:blue_bed":1,"minecraft:armor_stand":1,"minecraft:bone":1,"minecraft:kelp":31,"minecraft:rotten_flesh":3,"minecraft:oak_planks":5,"minecraft:comparator":2,"minecraft:chest":1,"minecraft:oak_boat":1,"minecraft:golden_sword":1,"minecraft:painting":1,"minecraft:arrow":7,"minecraft:red_tulip":2,"minecraft:calcite":1,"minecraft:written_book":1},"minecraft:mined":{"minecraft:tuff":56,"biomesoplenty:watergrass":11,"minecraft:white_bed":5,"minecraft:candle":1,"minecraft:brewing_stand":1,"biomesoplenty:bush":5,"minecraft:grass_block":3,"minecraft:redstone_wire":19,"minecraft:tall_seagrass":1,"minecraft:cobbled_deepslate":1,"minecraft:fire":1,"biomesoplenty:lavender":1,"minecraft:andesite":21,"minecraft:peony":17,"biomesoplenty:magic_log":1,"minecraft:bookshelf":1,"supplementaries:stick":7,"biomesoplenty:high_grass":43,"minecraft:vine":6,"minecraft:oak_stairs":2,"minecraft:iron_bars":5,"minecraft:packed_ice":3,"minecraft:stone":45,"minecraft:white_wool":2,"minecraft:oak_slab":2,"minecraft:scaffolding":5,"minecraft:comparator":1,"minecraft:oak_fence":1,"minecraft:crafting_table":2,"minecraft:torch":3,"minecraft:calcite":1,"minecraft:chest":4,"minecraft:campfire":4,"biomesoplenty:high_grass_plant":52,"minecraft:tall_grass":16,"minecraft:copper_ore":2,"minecraft:deepslate_gold_ore":4,"biomesoplenty:huge_clover_petal":2,"minecraft:diorite":4,"minecraft:wall_torch":1,"minecraft:skeleton_skull":1,"minecraft:seagrass":2,"minecraft:ice":4,"biomesoplenty:pink_daffodil":1,"minecraft:lilac":1,"minecraft:spruce_log":2,"minecraft:stone_brick_stairs":1,"minecraft:grass":87,"biomesoplenty:clover":4,"minecraft:oak_log":5,"minecraft:zombie_head":1,"minecraft:gravel":34,"minecraft:dirt":5,"minecraft:cobweb":15,"minecraft:stone_bricks":19,"minecraft:oak_leaves":1,"minecraft:deepslate":171,"biomesoplenty:reed":1},"minecraft:picked_up":{"minecraft:crafting_table":2,"minecraft:potion":1,"minecraft:brewing_stand":1,"minecraft:golden_sword":1,"minecraft:string":19,"minecraft:armor_stand":2,"minecraft:zombie_head":1,"minecraft:experience_bottle":1,"minecraft:candle":4,"minecraft:cobbled_deepslate":104,"minecraft:comparator":2,"minecraft:oak_boat":5,"minecraft:calcite":1,"minecraft:iron_pickaxe":3,"minecraft:chest":5,"minecraft:stick":10,"minecraft:raw_iron":26,"minecraft:oak_fence":1,"minecraft:torch":4,"minecraft:porkchop":2,"minecraft:golden_axe":1,"minecraft:diorite":3,"minecraft:redstone":20,"minecraft:rotten_flesh":1,"minecraft:gold_ingot":6,"minecraft:skeleton_skull":1,"minecraft:iron_bars":4,"minecraft:white_wool":2,"minecraft:cobblestone":39,"minecraft:andesite":3,"minecraft:leather":1,"minecraft:flint":31,"minecraft:tuff":36,"minecraft:oak_log":5,"minecraft:dirt":2,"minecraft:stone_bricks":4,"minecraft:iron_ingot":10,"biomesoplenty:magic_log":1,"minecraft:glowstone_dust":3,"minecraft:iron_sword":1,"minecraft:scaffolding":14,"minecraft:oak_slab":2,"minecraft:gravel":28,"minecraft:white_bed":4,"minecraft:spruce_log":2,"minecraft:painting":1,"minecraft:emerald":5,"minecraft:bread":19,"minecraft:coal":29},"minecraft:killed":{"minecraft:witch":9,"minecraft:spider":2,"minecraft:drowned":1,"minecraft:pig":1,"minecraft:creeper":1,"minecraft:zombie":3},"minecraft:custom":{"minecraft:interact_with_smithing_table":1,"minecraft:mob_kills":17,"minecraft:interact_with_crafting_table":5,"minecraft:open_barrel":8,"minecraft:bell_ring":17,"minecraft:eat_cake_slice":2,"minecraft:leave_game":2,"minecraft:time_since_death":105191,"minecraft:climb_one_cm":7548,"minecraft:sprint_one_cm":369904,"minecraft:walk_one_cm":230485,"minecraft:drop":35,"minecraft:talked_to_villager":1,"minecraft:play_time":105191,"minecraft:sneak_time":1241,"minecraft:walk_under_water_one_cm":12321,"minecraft:boat_one_cm":43965,"minecraft:jump":2704,"minecraft:walk_on_water_one_cm":27628,"minecraft:total_world_time":105191,"minecraft:interact_with_furnace":1,"minecraft:sleep_in_bed":3,"minecraft:time_since_rest":4329,"minecraft:damage_taken":2094,"minecraft:damage_dealt":4643,"minecraft:swim_one_cm":26749,"minecraft:fly_one_cm":531114,"minecraft:player_kills":1,"minecraft:open_chest":35,"minecraft:crouch_one_cm":1744,"minecraft:fall_one_cm":78238},"minecraft:broken":{"minecraft:golden_sword":1,"minecraft:iron_pickaxe":2},"minecraft:crafted":{"minecraft:oak_planks":20,"biomesoplenty:magic_planks":4,"minecraft:wheat":59,"minecraft:bread":21,"minecraft:iron_ingot":1,"minecraft:torch":4}},"DataVersion":3465}