{"stats":{"minecraft:used":{"minecraft:dirt":1,"minecraft:porkchop":2,"minecraft:bread":3},"minecraft:dropped":{"minecraft:rotten_flesh":1,"minecraft:dirt":1},"minecraft:mined":{"minecraft:grass":10,"minecraft:grass_block":1,"minecraft:packed_ice":3,"minecraft:ice":4,"minecraft:spruce_log":2},"minecraft:picked_up":{"minecraft:rotten_flesh":1,"minecraft:porkchop":2,"minecraft:spruce_log":2,"minecraft:dirt":2},"minecraft:killed":{"minecraft:zombie":1,"minecraft:pig":1},"minecraft:custom":{"minecraft:open_chest":2,"minecraft:time_since_rest":14332,"minecraft:play_time":14332,"minecraft:crouch_one_cm":256,"minecraft:sprint_one_cm":42939,"minecraft:damage_taken":205,"minecraft:walk_one_cm":51334,"minecraft:sneak_time":109,"minecraft:walk_under_water_one_cm":308,"minecraft:mob_kills":2,"minecraft:drop":2,"minecraft:jump":339,"minecraft:damage_dealt":363,"minecraft:leave_game":1,"minecraft:time_since_death":14332,"minecraft:walk_on_water_one_cm":940,"minecraft:total_world_time":14332,"minecraft:fall_one_cm":3989,"minecraft:fly_one_cm":92636,"minecraft:player_kills":1}},"DataVersion":3465}