{"stats":{"minecraft:used":{"minecraft:iron_bars":4,"minecraft:oak_planks":15,"minecraft:spruce_planks":4,"minecraft:iron_sword":7,"minecraft:iron_chestplate":1,"minecraft:torch":1,"minecraft:dirt":2,"minecraft:crafting_table":3,"minecraft:white_bed":2,"minecraft:bread":11,"minecraft:iron_pickaxe":54,"minecraft:stone_bricks":1,"minecraft:golden_sword":20,"minecraft:porkchop":2,"minecraft:oak_boat":1,"minecraft:golden_axe":24},"minecraft:dropped":{"minecraft:golden_boots":1,"minecraft:kelp":31,"minecraft:oak_slab":2,"minecraft:wheat_seeds":1,"minecraft:golden_helmet":1,"minecraft:oak_fence":1,"minecraft:golden_axe":2,"minecraft:cobblestone":7,"minecraft:rotten_flesh":3,"minecraft:comparator":2,"minecraft:dirt":1,"minecraft:oak_boat":1,"minecraft:golden_sword":1,"minecraft:painting":1,"minecraft:arrow":7,"minecraft:red_tulip":2,"minecraft:iron_pickaxe":3,"minecraft:written_book":1,"minecraft:bone":1,"minecraft:blue_bed":1},"minecraft:mined":{"minecraft:oak_slab":2,"biomesoplenty:watergrass":11,"minecraft:scaffolding":5,"minecraft:white_bed":3,"minecraft:comparator":1,"minecraft:candle":1,"minecraft:brewing_stand":1,"minecraft:oak_fence":1,"minecraft:crafting_table":2,"minecraft:torch":1,"minecraft:grass_block":1,"minecraft:chest":4,"minecraft:redstone_wire":19,"minecraft:campfire":4,"minecraft:tall_grass":6,"minecraft:skeleton_skull":1,"minecraft:ice":4,"minecraft:spruce_log":2,"minecraft:grass":17,"minecraft:bookshelf":1,"minecraft:oak_log":5,"minecraft:oak_stairs":1,"minecraft:iron_bars":5,"minecraft:zombie_head":1,"minecraft:packed_ice":3,"minecraft:cobweb":13,"minecraft:stone":1,"minecraft:stone_bricks":11,"minecraft:oak_leaves":1},"minecraft:picked_up":{"minecraft:crafting_table":2,"minecraft:leather":1,"minecraft:potion":1,"minecraft:oak_log":5,"minecraft:brewing_stand":1,"minecraft:golden_sword":1,"minecraft:dirt":2,"minecraft:string":17,"minecraft:armor_stand":1,"minecraft:zombie_head":1,"minecraft:stone_bricks":4,"minecraft:candle":4,"minecraft:comparator":2,"minecraft:iron_ingot":8,"minecraft:oak_boat":2,"minecraft:iron_pickaxe":3,"minecraft:glowstone_dust":2,"minecraft:chest":4,"minecraft:scaffolding":14,"minecraft:oak_slab":2,"minecraft:raw_iron":10,"minecraft:oak_fence":1,"minecraft:porkchop":2,"minecraft:golden_axe":1,"minecraft:white_bed":3,"minecraft:spruce_log":2,"minecraft:redstone":20,"minecraft:rotten_flesh":1,"minecraft:painting":1,"minecraft:emerald":1,"minecraft:gold_ingot":4,"minecraft:coal":29,"minecraft:iron_bars":4,"minecraft:skeleton_skull":1},"minecraft:killed":{"minecraft:pig":1,"minecraft:witch":2,"minecraft:creeper":1,"minecraft:zombie":1},"minecraft:custom":{"minecraft:interact_with_smithing_table":1,"minecraft:mob_kills":5,"minecraft:interact_with_crafting_table":5,"minecraft:open_barrel":4,"minecraft:bell_ring":7,"minecraft:leave_game":1,"minecraft:time_since_death":43692,"minecraft:sleep_in_bed":2,"minecraft:climb_one_cm":3973,"minecraft:time_since_rest":2866,"minecraft:sprint_one_cm":146598,"minecraft:damage_taken":521,"minecraft:walk_one_cm":109219,"minecraft:drop":25,"minecraft:damage_dealt":1243,"minecraft:swim_one_cm":7116,"minecraft:talked_to_villager":1,"minecraft:fly_one_cm":206504,"minecraft:player_kills":1,"minecraft:open_chest":19,"minecraft:crouch_one_cm":1183,"minecraft:play_time":43692,"minecraft:sneak_time":667,"minecraft:walk_under_water_one_cm":5207,"minecraft:boat_one_cm":16245,"minecraft:jump":956,"minecraft:walk_on_water_one_cm":11305,"minecraft:total_world_time":43692,"minecraft:fall_one_cm":22476},"minecraft:broken":{"minecraft:golden_sword":1},"minecraft:crafted":{"minecraft:oak_planks":20,"minecraft:bread":21,"minecraft:iron_ingot":1,"minecraft:wheat":59}},"DataVersion":3465}