{"stats":{"minecraft:used":{"minecraft:iron_bars":4,"minecraft:oak_planks":14,"minecraft:spruce_planks":4,"minecraft:dirt":2,"minecraft:crafting_table":2,"minecraft:white_bed":1,"minecraft:bread":9,"minecraft:iron_pickaxe":28,"minecraft:stone_bricks":1,"minecraft:golden_sword":20,"minecraft:porkchop":2,"minecraft:golden_axe":24},"minecraft:dropped":{"minecraft:oak_slab":2,"minecraft:wheat_seeds":1,"minecraft:golden_axe":2,"minecraft:cobblestone":7,"minecraft:rotten_flesh":3,"minecraft:comparator":1,"minecraft:dirt":1,"minecraft:golden_sword":1,"minecraft:painting":1,"minecraft:arrow":7,"minecraft:red_tulip":2,"minecraft:iron_pickaxe":3,"minecraft:blue_bed":1},"minecraft:mined":{"minecraft:oak_slab":2,"minecraft:scaffolding":5,"minecraft:white_bed":2,"minecraft:comparator":1,"minecraft:brewing_stand":1,"minecraft:oak_fence":1,"minecraft:crafting_table":2,"minecraft:grass_block":1,"minecraft:chest":4,"minecraft:redstone_wire":19,"minecraft:campfire":4,"minecraft:tall_grass":1,"minecraft:skeleton_skull":1,"minecraft:ice":4,"minecraft:spruce_log":2,"minecraft:grass":11,"minecraft:bookshelf":1,"minecraft:oak_log":5,"minecraft:oak_stairs":1,"minecraft:iron_bars":5,"minecraft:zombie_head":1,"minecraft:packed_ice":3,"minecraft:cobweb":13,"minecraft:stone_bricks":11,"minecraft:oak_leaves":1},"minecraft:picked_up":{"minecraft:crafting_table":2,"minecraft:leather":1,"minecraft:oak_log":5,"minecraft:brewing_stand":1,"minecraft:golden_sword":1,"minecraft:dirt":2,"minecraft:string":17,"minecraft:zombie_head":1,"minecraft:stone_bricks":4,"minecraft:comparator":2,"minecraft:iron_ingot":8,"minecraft:iron_pickaxe":3,"minecraft:chest":4,"minecraft:scaffolding":14,"minecraft:oak_slab":2,"minecraft:raw_iron":10,"minecraft:oak_fence":1,"minecraft:porkchop":2,"minecraft:golden_axe":1,"minecraft:white_bed":2,"minecraft:spruce_log":2,"minecraft:redstone":20,"minecraft:rotten_flesh":1,"minecraft:painting":1,"minecraft:gold_ingot":4,"minecraft:iron_bars":4,"minecraft:skeleton_skull":1},"minecraft:killed":{"minecraft:pig":1,"minecraft:creeper":1,"minecraft:zombie":1},"minecraft:custom":{"minecraft:mob_kills":3,"minecraft:interact_with_crafting_table":4,"minecraft:open_barrel":4,"minecraft:bell_ring":5,"minecraft:leave_game":1,"minecraft:time_since_death":31692,"minecraft:sleep_in_bed":1,"minecraft:climb_one_cm":2798,"minecraft:time_since_rest":9803,"minecraft:sprint_one_cm":100805,"minecraft:damage_taken":451,"minecraft:walk_one_cm":93185,"minecraft:drop":17,"minecraft:damage_dealt":563,"minecraft:swim_one_cm":5537,"minecraft:talked_to_villager":1,"minecraft:fly_one_cm":145788,"minecraft:player_kills":1,"minecraft:open_chest":12,"minecraft:crouch_one_cm":1009,"minecraft:play_time":31692,"minecraft:sneak_time":540,"minecraft:walk_under_water_one_cm":3430,"minecraft:jump":678,"minecraft:walk_on_water_one_cm":2736,"minecraft:total_world_time":31692,"minecraft:fall_one_cm":15220},"minecraft:broken":{"minecraft:golden_sword":1},"minecraft:crafted":{"minecraft:oak_planks":20,"minecraft:bread":21,"minecraft:wheat":59}},"DataVersion":3465}