{"stats":{"minecraft:used":{"minecraft:iron_bars":4,"minecraft:bread":3,"minecraft:iron_pickaxe":7,"minecraft:golden_sword":20,"minecraft:dirt":2,"minecraft:porkchop":2,"minecraft:golden_axe":17},"minecraft:dropped":{"minecraft:dirt":1,"minecraft:oak_slab":2,"minecraft:wheat_seeds":1,"minecraft:golden_axe":1,"minecraft:golden_sword":1,"minecraft:cobblestone":7,"minecraft:rotten_flesh":3,"minecraft:painting":1,"minecraft:comparator":1,"minecraft:iron_pickaxe":3,"minecraft:blue_bed":1},"minecraft:mined":{"minecraft:skeleton_skull":1,"minecraft:oak_slab":2,"minecraft:white_bed":1,"minecraft:comparator":1,"minecraft:ice":4,"minecraft:spruce_log":2,"minecraft:grass":10,"minecraft:bookshelf":1,"minecraft:grass_block":1,"minecraft:oak_log":5,"minecraft:chest":4,"minecraft:oak_stairs":1,"minecraft:iron_bars":5,"minecraft:redstone_wire":19,"minecraft:packed_ice":3,"minecraft:cobweb":13,"minecraft:tall_grass":1,"minecraft:oak_leaves":1},"minecraft:picked_up":{"minecraft:oak_slab":2,"minecraft:golden_axe":1,"minecraft:porkchop":2,"minecraft:oak_log":5,"minecraft:white_bed":1,"minecraft:golden_sword":1,"minecraft:spruce_log":2,"minecraft:redstone":20,"minecraft:string":13,"minecraft:dirt":2,"minecraft:rotten_flesh":1,"minecraft:comparator":2,"minecraft:painting":1,"minecraft:iron_pickaxe":3,"minecraft:chest":4,"minecraft:iron_bars":4,"minecraft:skeleton_skull":1},"minecraft:killed":{"minecraft:zombie":1,"minecraft:pig":1,"minecraft:creeper":1},"minecraft:custom":{"minecraft:time_since_rest":19692,"minecraft:sprint_one_cm":60801,"minecraft:damage_taken":225,"minecraft:walk_one_cm":68089,"minecraft:mob_kills":3,"minecraft:drop":14,"minecraft:damage_dealt":563,"minecraft:player_kills":1,"minecraft:fly_one_cm":107432,"minecraft:open_chest":7,"minecraft:crouch_one_cm":542,"minecraft:play_time":19692,"minecraft:sneak_time":298,"minecraft:walk_under_water_one_cm":308,"minecraft:jump":429,"minecraft:leave_game":1,"minecraft:walk_on_water_one_cm":940,"minecraft:time_since_death":19692,"minecraft:total_world_time":19692,"minecraft:fall_one_cm":6381},"minecraft:broken":{"minecraft:golden_sword":1}},"DataVersion":3465}