{"stats":{"minecraft:used":{"minecraft:iron_bars":4,"minecraft:oak_planks":18,"minecraft:spruce_planks":4,"minecraft:iron_sword":142,"minecraft:white_wool":2,"minecraft:iron_chestplate":1,"minecraft:stick":8,"minecraft:torch":2,"minecraft:dirt":2,"minecraft:crafting_table":3,"biomesoplenty:magic_planks":4,"minecraft:white_bed":3,"minecraft:bread":39,"minecraft:iron_pickaxe":67,"minecraft:stone_bricks":1,"minecraft:golden_sword":20,"minecraft:porkchop":2,"minecraft:oak_boat":1,"minecraft:golden_axe":24,"minecraft:experience_bottle":1},"minecraft:dropped":{"minecraft:golden_boots":1,"minecraft:iron_sword":1,"minecraft:kelp":31,"minecraft:oak_slab":2,"minecraft:wheat_seeds":1,"minecraft:golden_helmet":1,"minecraft:oak_fence":1,"minecraft:golden_axe":2,"minecraft:cobblestone":7,"minecraft:rotten_flesh":3,"minecraft:oak_planks":5,"minecraft:comparator":2,"minecraft:flint":9,"minecraft:dirt":1,"minecraft:oak_boat":1,"minecraft:chest":1,"minecraft:golden_sword":1,"minecraft:painting":1,"minecraft:arrow":7,"minecraft:red_tulip":2,"minecraft:iron_pickaxe":3,"minecraft:written_book":1,"minecraft:armor_stand":1,"minecraft:bone":1,"minecraft:blue_bed":1},"minecraft:mined":{"minecraft:oak_slab":2,"biomesoplenty:watergrass":11,"minecraft:scaffolding":5,"minecraft:white_bed":4,"minecraft:comparator":1,"minecraft:candle":1,"minecraft:brewing_stand":1,"minecraft:oak_fence":1,"minecraft:crafting_table":2,"minecraft:torch":1,"biomesoplenty:bush":4,"minecraft:grass_block":2,"minecraft:chest":4,"minecraft:redstone_wire":19,"minecraft:campfire":4,"minecraft:tall_grass":15,"minecraft:skeleton_skull":1,"minecraft:ice":4,"minecraft:lilac":1,"minecraft:spruce_log":2,"minecraft:stone_brick_stairs":1,"minecraft:peony":17,"biomesoplenty:magic_log":1,"minecraft:grass":54,"biomesoplenty:clover":2,"minecraft:bookshelf":1,"supplementaries:stick":7,"minecraft:oak_log":5,"minecraft:vine":6,"minecraft:oak_stairs":2,"minecraft:iron_bars":5,"minecraft:zombie_head":1,"minecraft:dirt":1,"minecraft:packed_ice":3,"minecraft:cobweb":15,"minecraft:stone":1,"minecraft:stone_bricks":19,"minecraft:white_wool":2,"biomesoplenty:reed":1,"minecraft:oak_leaves":1},"minecraft:picked_up":{"minecraft:crafting_table":2,"minecraft:leather":1,"minecraft:potion":1,"minecraft:flint":9,"minecraft:oak_log":5,"minecraft:brewing_stand":1,"minecraft:golden_sword":1,"minecraft:dirt":2,"minecraft:string":19,"minecraft:armor_stand":2,"minecraft:experience_bottle":1,"minecraft:zombie_head":1,"minecraft:stone_bricks":4,"minecraft:candle":4,"minecraft:comparator":2,"minecraft:iron_ingot":10,"minecraft:oak_boat":2,"biomesoplenty:magic_log":1,"minecraft:iron_pickaxe":3,"minecraft:glowstone_dust":3,"minecraft:chest":5,"minecraft:iron_sword":1,"minecraft:scaffolding":14,"minecraft:oak_slab":2,"minecraft:stick":10,"minecraft:raw_iron":10,"minecraft:oak_fence":1,"minecraft:torch":1,"minecraft:porkchop":2,"minecraft:golden_axe":1,"minecraft:white_bed":4,"minecraft:spruce_log":2,"minecraft:redstone":20,"minecraft:rotten_flesh":1,"minecraft:painting":1,"minecraft:bread":19,"minecraft:emerald":5,"minecraft:gold_ingot":6,"minecraft:white_wool":2,"minecraft:coal":29,"minecraft:iron_bars":4,"minecraft:skeleton_skull":1},"minecraft:killed":{"minecraft:pig":1,"minecraft:witch":9,"minecraft:creeper":1,"minecraft:zombie":2,"minecraft:drowned":1},"minecraft:custom":{"minecraft:interact_with_smithing_table":1,"minecraft:mob_kills":14,"minecraft:interact_with_crafting_table":5,"minecraft:open_barrel":8,"minecraft:bell_ring":17,"minecraft:eat_cake_slice":2,"minecraft:leave_game":2,"minecraft:time_since_death":72916,"minecraft:sleep_in_bed":2,"minecraft:climb_one_cm":7548,"minecraft:time_since_rest":32090,"minecraft:sprint_one_cm":284512,"minecraft:damage_taken":1792,"minecraft:walk_one_cm":170645,"minecraft:drop":30,"minecraft:damage_dealt":4122,"minecraft:swim_one_cm":10650,"minecraft:talked_to_villager":1,"minecraft:fly_one_cm":371766,"minecraft:player_kills":1,"minecraft:open_chest":34,"minecraft:crouch_one_cm":1577,"minecraft:play_time":72916,"minecraft:sneak_time":850,"minecraft:walk_under_water_one_cm":8417,"minecraft:boat_one_cm":16245,"minecraft:jump":1850,"minecraft:walk_on_water_one_cm":16853,"minecraft:total_world_time":72916,"minecraft:fall_one_cm":51807},"minecraft:broken":{"minecraft:golden_sword":1},"minecraft:crafted":{"minecraft:oak_planks":20,"minecraft:bread":21,"minecraft:iron_ingot":1,"biomesoplenty:magic_planks":4,"minecraft:wheat":59}},"DataVersion":3465}